{
  "version": 1,
  "filters": {
    "GRAY": 65,
    "REDLO": [0, 100, 80],
    "REDHI": [4, 255, 255],
    "GREENLO": [50, 60, 30],
    "GREENHI": [80, 255, 255],
    "ORANGELO": [7, 10, 40],
    "ORANGEHI": [25, 255, 255],
    "BLUELO": [100, 85, 90],
    "BLUEHI": [130, 255, 255]
  },
  "contours": {
    "minSize": 80.0
  },
  "camera": {
    "mtx": [
      [495.44408865, 0.0, 294.45510998],
      [0.0, 504.36905411, 259.77204181],
      [0.0, 0.0, 1.0]
    ],
    "dist": [[-0.64066312, 0.41901729, -0.00366722, 0.01957175, -0.14404429]],
    "crop_height": 272
  },
  "ROI": {},
  "PD": {
    "kp": 5.0,
    "kd": 10.0
  },
  "ArduinoSerialPort": "/dev/ttyUSB0"
}
